ligne_id	commande_fk	article_fk	quantite	prix_unitaire	parent_ligne_fk
1	1	2	1	18.0	
2	1	3	1	20.0	
3	1	25	1	5.0	
4	1	30	1	5.0	
5	2	2	1	18.0	
6	2	4	1	18.0	
7	2	1	1	14.0	
8	2	25	1	5.0	
1614	2	20	1	3.5	5
1615	2	18	1	2.5	5
1616	2	12	1	2.5	6
9	3	2	1	18.0	
10	3	8	1	20.5	
11	3	28	1	6.0	
12	4	5	1	17.0	
13	4	6	1	19.0	
14	4	4	1	18.0	
1617	4	15	1	2.0	12
1618	4	16	1	1.5	13
1619	4	16	1	1.5	13
1620	4	20	1	3.5	14
15	5	5	1	17.0	
16	5	3	1	20.0	
17	5	7	1	19.5	
18	5	24	1	4.0	
19	5	21	1	3.0	
20	5	28	1	6.0	
21	6	3	1	20.0	
22	6	7	1	19.5	
23	6	23	1	4.5	
1621	6	13	1	2.5	21
1622	6	10	1	2.5	21
24	7	4	1	18.0	
25	7	5	1	17.0	
26	7	6	1	19.0	
27	7	22	1	4.0	
1623	7	10	1	2.5	24
1624	7	15	1	2.0	24
1625	7	10	1	2.5	26
28	8	3	1	20.0	
29	8	21	1	3.0	
30	8	22	1	4.0	
31	9	5	1	17.0	
32	9	7	1	19.5	
33	9	22	1	4.0	
1626	9	12	1	2.5	31
1627	9	17	1	2.0	31
1628	9	13	1	2.5	32
1629	9	19	1	2.0	32
34	10	6	1	19.0	
35	10	2	1	18.0	
36	10	21	1	3.0	
37	10	27	1	6.0	
38	11	7	1	19.5	
39	11	4	2	18.0	
40	11	26	1	4.5	
1630	11	13	1	2.5	38
1631	11	11	1	2.0	39
41	12	1	1	14.0	
42	12	3	2	20.0	
43	12	23	1	4.5	
1632	12	20	1	3.5	42
44	13	2	1	18.0	
45	13	25	1	5.0	
1633	13	13	1	2.5	44
1634	13	17	1	2.0	44
46	14	2	1	18.0	
47	14	5	1	17.0	
48	14	6	1	19.0	
49	14	21	1	3.0	
1635	14	9	1	3.0	46
1636	14	16	1	1.5	47
50	15	2	1	18.0	
51	15	21	1	3.0	
1637	15	11	1	2.0	50
52	16	6	1	19.0	
53	16	2	1	18.0	
1638	16	18	1	2.5	53
1639	16	16	1	1.5	53
54	17	6	2	19.0	
55	18	5	2	17.0	
56	18	1	1	14.0	
57	18	26	1	4.5	
1640	18	20	1	3.5	55
1641	18	14	1	3.0	55
58	19	7	1	19.5	
59	19	6	2	19.0	
60	19	23	1	4.5	
1642	19	13	1	2.5	58
1643	19	12	1	2.5	58
1644	19	11	1	2.0	59
61	20	1	1	14.0	
62	20	23	1	4.5	
63	21	4	1	18.0	
64	21	1	2	14.0	
65	21	26	1	4.5	
1645	21	11	1	2.0	64
66	22	6	2	19.0	
67	22	1	2	14.0	
68	23	4	1	18.0	
69	23	6	1	19.0	
70	23	25	1	5.0	
71	23	27	1	6.0	
1646	23	15	1	2.0	69
1647	23	11	1	2.0	69
72	24	6	1	19.0	
73	24	4	1	18.0	
74	24	25	1	5.0	
1648	24	9	1	3.0	72
75	25	1	1	14.0	
76	25	7	2	19.5	
1649	25	14	1	3.0	75
1650	25	11	1	2.0	75
77	26	8	1	20.5	
78	26	5	2	17.0	
79	26	25	1	5.0	
80	26	22	1	4.0	
1651	26	9	1	3.0	78
81	27	3	2	20.0	
82	27	7	1	19.5	
83	27	22	1	4.0	
1652	27	18	1	2.5	82
1653	27	10	1	2.5	82
84	28	3	1	20.0	
85	28	4	2	18.0	
86	29	3	1	20.0	
87	29	8	1	20.5	
88	29	21	1	3.0	
89	29	23	1	4.5	
90	29	27	1	6.0	
1654	29	11	1	2.0	86
1655	29	19	1	2.0	86
1656	29	16	1	1.5	87
1657	29	9	1	3.0	87
91	30	2	1	18.0	
92	30	7	1	19.5	
93	30	21	1	3.0	
94	30	23	1	4.5	
95	30	29	1	5.5	
96	31	8	2	20.5	
97	31	6	2	19.0	
98	31	22	1	4.0	
99	31	22	1	4.0	
100	32	6	1	19.0	
101	32	1	2	14.0	
1658	32	12	1	2.5	100
1659	32	10	1	2.5	100
1660	32	10	1	2.5	101
1661	32	16	1	1.5	101
102	33	7	2	19.5	
103	33	3	1	20.0	
1662	33	16	1	1.5	102
1663	33	13	1	2.5	102
1664	33	11	1	2.0	103
104	34	7	1	19.5	
105	34	8	1	20.5	
106	34	5	1	17.0	
107	34	26	1	4.5	
108	34	28	1	6.0	
109	35	1	1	14.0	
110	35	4	1	18.0	
111	35	8	1	20.5	
112	35	23	1	4.5	
1665	35	10	1	2.5	111
113	36	2	1	18.0	
114	36	1	1	14.0	
115	36	24	1	4.0	
116	36	22	1	4.0	
1666	36	17	1	2.0	113
1667	36	14	1	3.0	113
1668	36	18	1	2.5	114
1669	36	18	1	2.5	114
117	37	5	2	17.0	
118	37	3	1	20.0	
119	37	22	1	4.0	
1670	37	20	1	3.5	118
1671	37	19	1	2.0	118
120	38	8	1	20.5	
121	39	3	1	20.0	
122	39	2	2	18.0	
123	39	25	1	5.0	
1672	39	12	1	2.5	121
1673	39	20	1	3.5	122
1674	39	12	1	2.5	122
124	40	6	2	19.0	
125	40	3	1	20.0	
126	40	22	1	4.0	
127	41	1	1	14.0	
128	41	7	2	19.5	
129	42	5	1	17.0	
130	42	2	1	18.0	
131	42	23	1	4.5	
1675	42	9	1	3.0	130
132	43	5	1	17.0	
133	43	2	1	18.0	
134	43	7	2	19.5	
135	43	24	1	4.0	
1676	43	18	1	2.5	132
1677	43	20	1	3.5	133
136	44	8	1	20.5	
137	44	26	1	4.5	
138	45	6	2	19.0	
139	45	8	1	20.5	
140	45	21	1	3.0	
141	45	26	1	4.5	
1678	45	15	1	2.0	138
1679	45	14	1	3.0	138
142	46	3	1	20.0	
143	46	2	1	18.0	
144	46	22	1	4.0	
145	47	3	1	20.0	
146	47	5	2	17.0	
147	47	2	1	18.0	
148	48	1	1	14.0	
149	48	23	1	4.5	
150	49	7	1	19.5	
151	49	6	2	19.0	
152	49	28	1	6.0	
1680	49	14	1	3.0	150
1681	49	12	1	2.5	150
153	50	5	1	17.0	
154	50	7	2	19.5	
155	50	24	1	4.0	
156	50	24	1	4.0	
157	50	29	1	5.5	
1682	50	19	1	2.0	153
158	51	5	1	17.0	
159	51	8	1	20.5	
160	51	7	1	19.5	
161	51	23	1	4.5	
162	51	25	1	5.0	
1683	51	16	1	1.5	160
163	52	2	1	18.0	
164	52	1	2	14.0	
165	52	5	1	17.0	
166	52	23	1	4.5	
1684	52	17	1	2.0	163
167	53	1	1	14.0	
168	53	8	2	20.5	
169	53	29	1	5.5	
1685	53	18	1	2.5	168
1686	53	13	1	2.5	168
170	54	3	2	20.0	
171	54	22	1	4.0	
172	54	30	1	5.0	
173	55	3	1	20.0	
174	56	6	1	19.0	
175	56	5	2	17.0	
176	56	26	1	4.5	
177	57	8	1	20.5	
178	57	3	2	20.0	
179	57	25	1	5.0	
1687	57	15	1	2.0	178
1688	57	12	1	2.5	178
180	58	1	2	14.0	
181	58	7	1	19.5	
1689	58	19	1	2.0	181
182	59	2	2	18.0	
183	59	26	1	4.5	
184	60	4	2	18.0	
185	60	2	1	18.0	
186	60	24	1	4.0	
187	60	27	1	6.0	
188	61	1	1	14.0	
189	61	5	1	17.0	
190	61	28	1	6.0	
191	62	7	1	19.5	
192	62	5	1	17.0	
193	63	4	1	18.0	
194	63	26	1	4.5	
195	63	28	1	6.0	
196	64	7	1	19.5	
197	64	6	1	19.0	
198	65	1	1	14.0	
199	65	6	1	19.0	
200	65	3	1	20.0	
201	65	26	1	4.5	
202	65	25	1	5.0	
203	66	1	2	14.0	
1690	66	12	1	2.5	203
1691	66	19	1	2.0	203
204	67	2	1	18.0	
205	67	8	2	20.5	
206	67	23	1	4.5	
207	67	30	1	5.0	
1692	67	17	1	2.0	205
1693	67	13	1	2.5	205
208	68	5	1	17.0	
209	68	23	1	4.5	
210	69	6	1	19.0	
211	69	24	1	4.0	
212	69	28	1	6.0	
1694	69	17	1	2.0	210
1695	69	19	1	2.0	210
213	70	5	1	17.0	
214	70	1	1	14.0	
215	70	8	1	20.5	
1696	70	16	1	1.5	213
1697	70	9	1	3.0	213
1698	70	11	1	2.0	215
216	71	2	1	18.0	
217	72	2	1	18.0	
218	72	5	1	17.0	
219	72	24	1	4.0	
220	73	6	2	19.0	
221	73	5	1	17.0	
222	73	28	1	6.0	
1699	73	15	1	2.0	221
1700	73	15	1	2.0	221
223	74	5	1	17.0	
224	74	6	1	19.0	
225	74	28	1	6.0	
226	75	6	1	19.0	
227	75	28	1	6.0	
228	76	8	1	20.5	
229	76	24	1	4.0	
1701	76	13	1	2.5	228
230	77	8	1	20.5	
231	77	29	1	5.5	
232	78	7	1	19.5	
233	78	3	1	20.0	
234	78	26	1	4.5	
235	78	25	1	5.0	
236	78	29	1	5.5	
1702	78	16	1	1.5	232
1703	78	16	1	1.5	232
237	79	1	1	14.0	
238	80	3	1	20.0	
239	80	23	1	4.5	
240	80	25	1	5.0	
241	80	28	1	6.0	
1704	80	11	1	2.0	238
1705	80	16	1	1.5	238
242	81	3	1	20.0	
243	81	6	1	19.0	
244	81	7	1	19.5	
1706	81	16	1	1.5	242
1707	81	9	1	3.0	243
245	82	3	1	20.0	
246	82	4	1	18.0	
247	82	23	1	4.5	
1708	82	17	1	2.0	245
248	83	6	1	19.0	
249	83	5	1	17.0	
250	83	8	1	20.5	
251	83	24	1	4.0	
252	83	27	1	6.0	
1709	83	16	1	1.5	249
253	84	5	1	17.0	
254	84	2	1	18.0	
255	84	8	1	20.5	
256	84	30	1	5.0	
1710	84	10	1	2.5	254
1711	84	12	1	2.5	254
257	85	4	1	18.0	
258	85	8	1	20.5	
259	85	21	1	3.0	
260	85	22	1	4.0	
1712	85	17	1	2.0	257
261	86	7	1	19.5	
262	86	24	1	4.0	
263	86	24	1	4.0	
1713	86	20	1	3.5	261
264	87	4	2	18.0	
265	87	7	1	19.5	
266	87	27	1	6.0	
1714	87	20	1	3.5	265
267	88	5	1	17.0	
268	88	7	1	19.5	
269	88	25	1	5.0	
270	88	25	1	5.0	
271	89	3	1	20.0	
272	90	3	1	20.0	
273	91	7	1	19.5	
274	91	4	1	18.0	
275	91	5	1	17.0	
276	91	27	1	6.0	
1715	91	11	1	2.0	273
277	92	1	1	14.0	
278	92	2	1	18.0	
279	92	8	2	20.5	
1716	92	17	1	2.0	278
280	93	4	1	18.0	
281	93	8	1	20.5	
282	93	23	1	4.5	
283	93	23	1	4.5	
284	94	8	1	20.5	
285	95	6	1	19.0	
286	95	4	2	18.0	
287	95	26	1	4.5	
288	95	26	1	4.5	
289	96	8	1	20.5	
290	96	22	1	4.0	
291	96	25	1	5.0	
1717	96	13	1	2.5	289
292	97	1	1	14.0	
1718	97	16	1	1.5	292
1719	97	18	1	2.5	292
293	98	6	1	19.0	
294	98	4	1	18.0	
295	98	24	1	4.0	
1720	98	14	1	3.0	294
1721	98	20	1	3.5	294
296	99	6	2	19.0	
297	99	3	1	20.0	
298	99	24	1	4.0	
299	99	28	1	6.0	
300	100	7	2	19.5	
301	100	2	2	18.0	
302	100	26	1	4.5	
303	101	3	1	20.0	
304	101	1	1	14.0	
305	101	2	1	18.0	
306	101	26	1	4.5	
1722	101	14	1	3.0	305
1723	101	9	1	3.0	305
307	102	8	1	20.5	
308	102	7	1	19.5	
1724	102	11	1	2.0	308
309	103	6	1	19.0	
310	103	8	1	20.5	
311	103	3	1	20.0	
312	104	3	2	20.0	
313	104	4	2	18.0	
314	104	26	1	4.5	
315	104	24	1	4.0	
1725	104	17	1	2.0	312
1726	104	9	1	3.0	312
1727	104	10	1	2.5	313
316	105	6	1	19.0	
317	106	5	1	17.0	
318	106	3	1	20.0	
319	106	25	1	5.0	
320	106	22	1	4.0	
1728	106	16	1	1.5	317
321	107	6	1	19.0	
322	107	2	1	18.0	
323	107	4	1	18.0	
324	107	26	1	4.5	
325	107	22	1	4.0	
326	108	7	2	19.5	
327	108	24	1	4.0	
328	108	30	1	5.0	
1729	108	13	1	2.5	326
329	109	1	2	14.0	
330	109	2	1	18.0	
331	109	26	1	4.5	
1730	109	14	1	3.0	329
332	110	4	1	18.0	
333	110	7	1	19.5	
334	110	22	1	4.0	
1731	110	10	1	2.5	332
335	111	5	2	17.0	
336	111	3	1	20.0	
337	111	23	1	4.5	
338	111	27	1	6.0	
339	112	2	1	18.0	
340	112	4	1	18.0	
341	112	21	1	3.0	
342	112	30	1	5.0	
1732	112	18	1	2.5	339
343	113	2	2	18.0	
344	113	23	1	4.5	
1733	113	16	1	1.5	343
1734	113	20	1	3.5	343
345	114	6	1	19.0	
346	114	8	1	20.5	
347	114	24	1	4.0	
348	114	29	1	5.5	
349	115	6	1	19.0	
350	115	7	1	19.5	
351	115	5	1	17.0	
352	115	25	1	5.0	
353	115	30	1	5.0	
354	116	8	2	20.5	
355	116	2	1	18.0	
356	116	23	1	4.5	
357	116	28	1	6.0	
358	117	7	1	19.5	
359	117	8	1	20.5	
360	117	22	1	4.0	
1735	117	20	1	3.5	359
361	118	3	1	20.0	
362	119	7	1	19.5	
363	119	5	1	17.0	
364	119	3	1	20.0	
365	120	8	1	20.5	
366	120	4	1	18.0	
1736	120	13	1	2.5	365
367	121	3	2	20.0	
368	121	25	1	5.0	
369	121	22	1	4.0	
370	121	29	1	5.5	
371	122	2	1	18.0	
372	122	5	1	17.0	
373	122	27	1	6.0	
1737	122	10	1	2.5	371
1738	122	9	1	3.0	371
1739	122	15	1	2.0	372
1740	122	10	1	2.5	372
374	123	1	1	14.0	
375	123	6	1	19.0	
376	123	7	2	19.5	
377	123	29	1	5.5	
378	124	3	2	20.0	
379	124	7	1	19.5	
380	124	26	1	4.5	
381	125	7	1	19.5	
382	125	3	2	20.0	
383	125	22	1	4.0	
384	125	29	1	5.5	
1741	125	13	1	2.5	381
1742	125	18	1	2.5	382
1743	125	11	1	2.0	382
385	126	5	2	17.0	
386	126	21	1	3.0	
387	127	3	1	20.0	
388	127	6	2	19.0	
389	127	30	1	5.0	
1744	127	13	1	2.5	387
1745	127	9	1	3.0	388
1746	127	16	1	1.5	388
390	128	7	1	19.5	
391	128	2	1	18.0	
392	128	21	1	3.0	
393	128	30	1	5.0	
394	129	3	1	20.0	
395	129	1	1	14.0	
1747	129	12	1	2.5	394
1748	129	17	1	2.0	394
1749	129	15	1	2.0	395
1750	129	9	1	3.0	395
396	130	4	1	18.0	
397	130	8	1	20.5	
398	130	22	1	4.0	
1751	130	18	1	2.5	396
1752	130	14	1	3.0	396
1753	130	18	1	2.5	397
399	131	2	1	18.0	
400	131	8	1	20.5	
401	132	5	1	17.0	
402	132	8	1	20.5	
1754	132	12	1	2.5	401
1755	132	11	1	2.0	402
1756	132	17	1	2.0	402
403	133	1	1	14.0	
404	133	3	1	20.0	
405	133	4	1	18.0	
406	133	22	1	4.0	
1757	133	16	1	1.5	404
407	134	1	1	14.0	
408	134	28	1	6.0	
409	135	4	1	18.0	
410	135	21	1	3.0	
411	135	26	1	4.5	
1758	135	13	1	2.5	409
1759	135	16	1	1.5	409
412	136	3	1	20.0	
413	136	4	2	18.0	
414	136	30	1	5.0	
415	137	2	1	18.0	
416	137	6	1	19.0	
1760	137	20	1	3.5	415
1761	137	17	1	2.0	415
1762	137	9	1	3.0	416
1763	137	11	1	2.0	416
417	138	5	1	17.0	
418	138	21	1	3.0	
1764	138	12	1	2.5	417
419	139	8	1	20.5	
420	139	4	2	18.0	
421	139	22	1	4.0	
422	139	28	1	6.0	
423	140	2	2	18.0	
424	140	4	1	18.0	
425	140	8	1	20.5	
426	140	30	1	5.0	
1765	140	16	1	1.5	423
1766	140	10	1	2.5	424
1767	140	10	1	2.5	425
1768	140	15	1	2.0	425
427	141	1	1	14.0	
428	141	8	1	20.5	
429	141	5	1	17.0	
430	141	29	1	5.5	
431	142	8	1	20.5	
432	142	4	1	18.0	
433	142	21	1	3.0	
1769	142	9	1	3.0	432
434	143	1	1	14.0	
435	143	6	1	19.0	
436	143	29	1	5.5	
1770	143	13	1	2.5	434
437	144	8	1	20.5	
438	144	4	1	18.0	
439	145	6	1	19.0	
440	145	7	2	19.5	
1771	145	14	1	3.0	440
441	146	7	1	19.5	
442	146	1	1	14.0	
443	146	4	1	18.0	
444	146	25	1	5.0	
445	146	29	1	5.5	
1772	146	12	1	2.5	441
1773	146	17	1	2.0	441
1774	146	12	1	2.5	442
446	147	1	1	14.0	
447	147	4	2	18.0	
1775	147	19	1	2.0	447
448	148	6	2	19.0	
449	148	2	2	18.0	
1776	148	16	1	1.5	448
1777	148	19	1	2.0	448
1778	148	10	1	2.5	449
1779	148	9	1	3.0	449
450	149	4	2	18.0	
451	149	2	1	18.0	
452	149	26	1	4.5	
453	149	30	1	5.0	
454	150	8	1	20.5	
1780	150	20	1	3.5	454
455	151	8	1	20.5	
456	151	4	2	18.0	
457	151	23	1	4.5	
1781	151	14	1	3.0	455
1782	151	15	1	2.0	455
458	152	2	1	18.0	
459	152	4	1	18.0	
460	153	4	1	18.0	
461	153	7	1	19.5	
462	153	6	1	19.0	
1783	153	20	1	3.5	462
463	154	7	1	19.5	
464	154	1	1	14.0	
465	154	21	1	3.0	
466	154	28	1	6.0	
467	155	5	1	17.0	
468	155	23	1	4.5	
469	155	29	1	5.5	
470	156	6	2	19.0	
471	156	5	1	17.0	
472	156	1	1	14.0	
1784	156	9	1	3.0	471
1785	156	12	1	2.5	471
473	157	7	2	19.5	
474	157	27	1	6.0	
475	158	7	1	19.5	
476	158	8	1	20.5	
477	158	4	1	18.0	
478	159	6	1	19.0	
479	159	1	1	14.0	
480	159	23	1	4.5	
1786	159	20	1	3.5	479
1787	159	10	1	2.5	479
481	160	5	1	17.0	
482	160	24	1	4.0	
483	160	25	1	5.0	
484	161	5	1	17.0	
485	161	22	1	4.0	
486	162	5	2	17.0	
487	162	3	2	20.0	
488	162	23	1	4.5	
1788	162	9	1	3.0	486
1789	162	20	1	3.5	486
1790	162	19	1	2.0	487
489	163	7	1	19.5	
490	163	23	1	4.5	
491	163	29	1	5.5	
1791	163	20	1	3.5	489
1792	163	19	1	2.0	489
492	164	7	1	19.5	
493	164	30	1	5.0	
1793	164	11	1	2.0	492
1794	164	17	1	2.0	492
494	165	7	1	19.5	
495	165	21	1	3.0	
496	165	23	1	4.5	
497	166	1	2	14.0	
498	166	7	1	19.5	
499	166	23	1	4.5	
500	166	27	1	6.0	
501	167	2	2	18.0	
502	167	26	1	4.5	
503	168	7	1	19.5	
504	168	6	1	19.0	
1795	168	13	1	2.5	504
505	169	8	2	20.5	
506	169	1	1	14.0	
507	170	1	1	14.0	
508	170	8	2	20.5	
1796	170	15	1	2.0	507
1797	170	18	1	2.5	507
509	171	6	1	19.0	
510	171	3	1	20.0	
511	171	23	1	4.5	
512	171	30	1	5.0	
513	172	2	1	18.0	
514	172	6	1	19.0	
515	172	21	1	3.0	
516	172	26	1	4.5	
517	173	1	2	14.0	
518	173	3	2	20.0	
519	173	21	1	3.0	
520	173	28	1	6.0	
1798	173	19	1	2.0	518
1799	173	17	1	2.0	518
521	174	1	1	14.0	
522	174	3	2	20.0	
523	174	8	1	20.5	
524	174	26	1	4.5	
1800	174	10	1	2.5	521
1801	174	15	1	2.0	523
525	175	1	2	14.0	
526	175	5	2	17.0	
527	175	22	1	4.0	
528	175	30	1	5.0	
1802	175	11	1	2.0	525
1803	175	15	1	2.0	525
1804	175	16	1	1.5	526
529	176	5	1	17.0	
530	177	8	1	20.5	
531	177	21	1	3.0	
532	177	25	1	5.0	
1805	177	14	1	3.0	530
1806	177	15	1	2.0	530
533	178	1	2	14.0	
534	178	2	2	18.0	
535	178	22	1	4.0	
1807	178	16	1	1.5	533
1808	178	11	1	2.0	533
536	179	3	2	20.0	
537	179	7	2	19.5	
538	179	26	1	4.5	
539	179	23	1	4.5	
540	179	27	1	6.0	
1809	179	18	1	2.5	537
1810	179	18	1	2.5	537
541	180	8	1	20.5	
542	180	1	1	14.0	
543	180	23	1	4.5	
544	180	28	1	6.0	
1811	180	11	1	2.0	541
1812	180	15	1	2.0	541
545	181	6	1	19.0	
546	181	2	1	18.0	
547	181	3	2	20.0	
548	181	30	1	5.0	
549	182	4	1	18.0	
550	182	22	1	4.0	
551	183	2	1	18.0	
552	183	4	1	18.0	
553	183	26	1	4.5	
554	183	21	1	3.0	
555	183	29	1	5.5	
1813	183	20	1	3.5	551
556	184	1	1	14.0	
557	184	7	1	19.5	
1814	184	17	1	2.0	556
1815	184	9	1	3.0	556
558	185	6	2	19.0	
559	185	1	1	14.0	
1816	185	14	1	3.0	558
560	186	4	1	18.0	
561	186	7	1	19.5	
562	186	25	1	5.0	
1817	186	13	1	2.5	560
1818	186	17	1	2.0	560
1819	186	14	1	3.0	561
563	187	2	2	18.0	
564	187	22	1	4.0	
565	187	27	1	6.0	
566	188	1	1	14.0	
567	188	3	1	20.0	
568	188	21	1	3.0	
569	188	27	1	6.0	
570	189	6	1	19.0	
571	189	4	1	18.0	
572	189	23	1	4.5	
573	189	22	1	4.0	
574	190	5	2	17.0	
575	190	23	1	4.5	
576	190	25	1	5.0	
577	190	29	1	5.5	
1820	190	11	1	2.0	574
578	191	3	1	20.0	
579	191	5	1	17.0	
580	191	23	1	4.5	
581	191	29	1	5.5	
582	192	8	1	20.5	
583	192	27	1	6.0	
1821	192	9	1	3.0	582
1822	192	11	1	2.0	582
584	193	5	2	17.0	
585	193	2	1	18.0	
586	193	22	1	4.0	
587	194	6	1	19.0	
588	194	3	1	20.0	
589	194	4	2	18.0	
590	194	24	1	4.0	
591	194	25	1	5.0	
1823	194	20	1	3.5	587
1824	194	15	1	2.0	587
1825	194	20	1	3.5	588
1826	194	15	1	2.0	588
592	195	3	2	20.0	
593	195	23	1	4.5	
594	196	8	1	20.5	
595	196	1	1	14.0	
596	196	27	1	6.0	
597	197	5	1	17.0	
598	197	6	1	19.0	
599	197	23	1	4.5	
600	197	24	1	4.0	
1827	197	13	1	2.5	598
601	198	5	1	17.0	
602	198	8	2	20.5	
603	198	26	1	4.5	
1828	198	19	1	2.0	601
1829	198	17	1	2.0	602
604	199	5	1	17.0	
605	199	3	1	20.0	
606	199	25	1	5.0	
1830	199	11	1	2.0	605
607	200	2	2	18.0	
608	200	22	1	4.0	
1831	200	16	1	1.5	607
609	201	4	2	18.0	
610	201	3	1	20.0	
611	201	24	1	4.0	
612	201	27	1	6.0	
1832	201	15	1	2.0	609
613	202	4	1	18.0	
614	202	23	1	4.5	
1833	202	9	1	3.0	613
1834	202	10	1	2.5	613
615	203	1	1	14.0	
616	203	5	2	17.0	
617	203	2	2	18.0	
618	204	7	1	19.5	
619	204	22	1	4.0	
620	204	24	1	4.0	
1835	204	14	1	3.0	618
621	205	8	1	20.5	
622	205	2	1	18.0	
1836	205	12	1	2.5	621
1837	205	10	1	2.5	621
623	206	3	1	20.0	
624	206	4	2	18.0	
625	206	28	1	6.0	
626	207	5	1	17.0	
627	207	7	1	19.5	
628	208	3	1	20.0	
629	208	1	1	14.0	
630	208	7	1	19.5	
631	208	25	1	5.0	
632	208	24	1	4.0	
1838	208	15	1	2.0	629
1839	208	18	1	2.5	630
1840	208	18	1	2.5	630
633	209	1	1	14.0	
634	209	24	1	4.0	
1841	209	10	1	2.5	633
1842	209	15	1	2.0	633
635	210	7	1	19.5	
636	210	4	1	18.0	
637	210	1	1	14.0	
638	210	23	1	4.5	
639	210	24	1	4.0	
640	211	6	1	19.0	
641	211	3	1	20.0	
642	211	8	1	20.5	
643	211	21	1	3.0	
1843	211	14	1	3.0	641
1844	211	14	1	3.0	641
1845	211	12	1	2.5	642
644	212	7	1	19.5	
645	212	24	1	4.0	
646	213	3	1	20.0	
1846	213	12	1	2.5	646
1847	213	16	1	1.5	646
647	214	4	1	18.0	
648	215	5	1	17.0	
649	215	24	1	4.0	
1848	215	12	1	2.5	648
1849	215	15	1	2.0	648
650	216	8	1	20.5	
651	216	3	1	20.0	
652	216	6	1	19.0	
653	216	22	1	4.0	
654	216	29	1	5.5	
655	217	4	1	18.0	
656	217	8	1	20.5	
657	217	22	1	4.0	
658	217	28	1	6.0	
1850	217	12	1	2.5	655
1851	217	17	1	2.0	656
1852	217	15	1	2.0	656
659	218	8	1	20.5	
1853	218	14	1	3.0	659
660	219	2	1	18.0	
661	219	5	1	17.0	
662	219	25	1	5.0	
663	219	21	1	3.0	
664	220	3	2	20.0	
665	220	1	1	14.0	
666	220	21	1	3.0	
1854	220	16	1	1.5	665
667	221	5	1	17.0	
668	221	1	2	14.0	
669	221	28	1	6.0	
670	222	8	1	20.5	
671	222	4	1	18.0	
672	222	1	1	14.0	
673	222	23	1	4.5	
1855	222	13	1	2.5	670
1856	222	10	1	2.5	670
674	223	6	1	19.0	
675	224	3	1	20.0	
676	224	26	1	4.5	
677	225	7	1	19.5	
678	225	23	1	4.5	
1857	225	20	1	3.5	677
1858	225	11	1	2.0	677
679	226	1	1	14.0	
680	227	5	2	17.0	
681	227	2	1	18.0	
1859	227	9	1	3.0	680
682	228	8	2	20.5	
683	228	4	1	18.0	
684	228	24	1	4.0	
685	228	28	1	6.0	
686	229	8	2	20.5	
687	229	1	1	14.0	
1860	229	20	1	3.5	686
1861	229	15	1	2.0	686
688	230	1	2	14.0	
689	230	26	1	4.5	
690	231	8	2	20.5	
691	231	2	1	18.0	
692	231	23	1	4.5	
1862	231	9	1	3.0	691
1863	231	11	1	2.0	691
693	232	3	1	20.0	
694	232	8	1	20.5	
695	233	8	1	20.5	
696	233	1	1	14.0	
697	233	4	1	18.0	
698	233	23	1	4.5	
699	233	22	1	4.0	
700	234	3	1	20.0	
701	234	4	1	18.0	
702	234	21	1	3.0	
1864	234	19	1	2.0	700
1865	234	10	1	2.5	700
1866	234	15	1	2.0	701
703	235	1	1	14.0	
704	235	26	1	4.5	
705	236	7	1	19.5	
706	236	1	1	14.0	
1867	236	10	1	2.5	705
1868	236	9	1	3.0	705
1869	236	13	1	2.5	706
1870	236	19	1	2.0	706
707	237	6	1	19.0	
708	237	24	1	4.0	
709	238	8	1	20.5	
710	238	6	2	19.0	
711	239	4	1	18.0	
712	239	5	1	17.0	
713	239	24	1	4.0	
714	239	29	1	5.5	
715	240	3	1	20.0	
716	240	7	1	19.5	
717	240	23	1	4.5	
1871	240	14	1	3.0	715
1872	240	18	1	2.5	715
718	241	7	2	19.5	
719	241	5	1	17.0	
720	241	26	1	4.5	
1873	241	11	1	2.0	718
721	242	5	2	17.0	
1874	242	10	1	2.5	721
722	243	4	1	18.0	
723	243	1	1	14.0	
1875	243	11	1	2.0	723
724	244	7	1	19.5	
725	244	4	1	18.0	
726	244	8	1	20.5	
1876	244	15	1	2.0	725
1877	244	16	1	1.5	725
727	245	7	1	19.5	
728	245	4	1	18.0	
729	245	1	2	14.0	
730	245	22	1	4.0	
731	245	25	1	5.0	
1878	245	16	1	1.5	729
732	246	7	1	19.5	
733	247	8	1	20.5	
734	247	1	1	14.0	
735	247	4	1	18.0	
736	247	25	1	5.0	
737	247	27	1	6.0	
1879	247	14	1	3.0	735
1880	247	19	1	2.0	735
738	248	6	2	19.0	
739	248	7	1	19.5	
740	248	24	1	4.0	
1881	248	20	1	3.5	739
741	249	1	1	14.0	
742	249	29	1	5.5	
1882	249	12	1	2.5	741
743	250	1	1	14.0	
744	250	2	1	18.0	
1883	250	14	1	3.0	744
1884	250	20	1	3.5	744
745	251	6	1	19.0	
746	251	1	1	14.0	
747	251	24	1	4.0	
748	252	5	1	17.0	
749	253	7	1	19.5	
750	253	4	1	18.0	
751	253	26	1	4.5	
752	254	5	1	17.0	
753	254	26	1	4.5	
754	254	27	1	6.0	
755	255	2	1	18.0	
756	255	21	1	3.0	
757	255	27	1	6.0	
758	256	4	1	18.0	
759	256	21	1	3.0	
1885	256	20	1	3.5	758
760	257	2	1	18.0	
761	257	1	2	14.0	
762	257	24	1	4.0	
1886	257	16	1	1.5	760
763	258	3	2	20.0	
764	258	26	1	4.5	
765	258	30	1	5.0	
1887	258	11	1	2.0	763
1888	258	20	1	3.5	763
766	259	1	2	14.0	
767	259	5	1	17.0	
768	259	21	1	3.0	
1889	259	13	1	2.5	766
1890	259	13	1	2.5	766
769	260	8	1	20.5	
770	260	5	1	17.0	
771	260	3	1	20.0	
772	261	7	1	19.5	
773	261	4	1	18.0	
1891	261	19	1	2.0	772
774	262	2	2	18.0	
775	262	25	1	5.0	
776	262	25	1	5.0	
777	262	30	1	5.0	
778	263	8	1	20.5	
779	263	1	1	14.0	
780	263	25	1	5.0	
1892	263	14	1	3.0	779
781	264	3	1	20.0	
782	264	1	2	14.0	
783	264	27	1	6.0	
1893	264	20	1	3.5	781
1894	264	11	1	2.0	782
1895	264	15	1	2.0	782
784	265	2	1	18.0	
785	265	21	1	3.0	
786	265	27	1	6.0	
1896	265	10	1	2.5	784
1897	265	16	1	1.5	784
787	266	4	1	18.0	
788	266	7	1	19.5	
1898	266	12	1	2.5	787
789	267	8	1	20.5	
790	267	3	1	20.0	
791	267	5	1	17.0	
792	267	25	1	5.0	
793	267	25	1	5.0	
794	267	27	1	6.0	
795	268	6	1	19.0	
796	268	8	1	20.5	
797	268	21	1	3.0	
1899	268	14	1	3.0	796
1900	268	12	1	2.5	796
798	269	7	1	19.5	
799	269	27	1	6.0	
800	270	1	1	14.0	
801	270	8	1	20.5	
1901	270	13	1	2.5	801
802	271	6	1	19.0	
803	271	1	1	14.0	
804	271	25	1	5.0	
1902	271	19	1	2.0	803
805	272	3	2	20.0	
806	272	6	1	19.0	
807	272	1	1	14.0	
1903	272	20	1	3.5	807
808	273	6	1	19.0	
809	273	4	2	18.0	
810	273	21	1	3.0	
811	274	4	1	18.0	
812	274	22	1	4.0	
813	274	23	1	4.5	
814	275	5	1	17.0	
815	276	2	2	18.0	
816	276	21	1	3.0	
1904	276	15	1	2.0	815
817	277	7	1	19.5	
818	277	4	1	18.0	
819	277	1	1	14.0	
820	277	25	1	5.0	
821	278	1	2	14.0	
822	278	5	2	17.0	
823	278	6	1	19.0	
824	278	28	1	6.0	
1905	278	16	1	1.5	823
1906	278	20	1	3.5	823
825	279	3	2	20.0	
1907	279	13	1	2.5	825
1908	279	14	1	3.0	825
826	280	4	1	18.0	
827	280	22	1	4.0	
828	280	26	1	4.5	
829	281	7	1	19.5	
830	281	22	1	4.0	
831	281	26	1	4.5	
832	281	28	1	6.0	
1909	281	16	1	1.5	829
833	282	1	2	14.0	
834	282	3	1	20.0	
835	282	8	2	20.5	
1910	282	11	1	2.0	833
1911	282	9	1	3.0	834
1912	282	9	1	3.0	834
1913	282	13	1	2.5	835
836	283	3	1	20.0	
837	283	4	1	18.0	
1914	283	12	1	2.5	837
1915	283	14	1	3.0	837
838	284	3	2	20.0	
839	284	7	1	19.5	
840	284	2	1	18.0	
841	284	23	1	4.5	
1916	284	14	1	3.0	838
1917	284	18	1	2.5	838
842	285	8	1	20.5	
843	285	7	1	19.5	
844	285	25	1	5.0	
1918	285	19	1	2.0	842
1919	285	17	1	2.0	842
845	286	4	1	18.0	
846	286	24	1	4.0	
1920	286	15	1	2.0	845
847	287	4	2	18.0	
848	287	5	1	17.0	
849	287	24	1	4.0	
850	288	2	1	18.0	
851	288	7	1	19.5	
852	288	23	1	4.5	
1921	288	10	1	2.5	850
853	289	5	1	17.0	
854	289	1	1	14.0	
855	289	22	1	4.0	
1922	289	15	1	2.0	853
1923	289	15	1	2.0	853
856	290	8	1	20.5	
1924	290	15	1	2.0	856
857	291	1	1	14.0	
858	291	24	1	4.0	
859	291	26	1	4.5	
860	292	3	1	20.0	
861	292	25	1	5.0	
862	293	8	1	20.5	
863	293	6	1	19.0	
864	293	24	1	4.0	
865	293	28	1	6.0	
1925	293	19	1	2.0	862
1926	293	9	1	3.0	863
1927	293	11	1	2.0	863
866	294	7	2	19.5	
867	294	4	2	18.0	
868	294	28	1	6.0	
1928	294	16	1	1.5	866
1929	294	20	1	3.5	866
869	295	8	1	20.5	
870	295	22	1	4.0	
1930	295	16	1	1.5	869
871	296	8	1	20.5	
872	296	3	1	20.0	
873	296	28	1	6.0	
874	297	1	1	14.0	
875	297	2	1	18.0	
876	297	25	1	5.0	
877	297	29	1	5.5	
1931	297	19	1	2.0	874
1932	297	10	1	2.5	874
878	298	8	1	20.5	
879	298	4	1	18.0	
880	298	3	1	20.0	
881	298	22	1	4.0	
1933	298	20	1	3.5	879
1934	298	16	1	1.5	880
1935	298	16	1	1.5	880
882	299	5	1	17.0	
883	299	1	1	14.0	
884	299	8	2	20.5	
1936	299	19	1	2.0	882
885	300	1	2	14.0	
886	300	21	1	3.0	
887	300	21	1	3.0	
1937	300	12	1	2.5	885
888	301	3	2	20.0	
889	302	6	1	19.0	
890	302	1	1	14.0	
891	302	4	1	18.0	
892	302	28	1	6.0	
1938	302	19	1	2.0	889
1939	302	18	1	2.5	889
1940	302	15	1	2.0	890
893	303	3	1	20.0	
894	304	1	1	14.0	
895	305	7	2	19.5	
896	305	2	1	18.0	
897	305	6	1	19.0	
898	305	30	1	5.0	
1941	305	14	1	3.0	897
1942	305	19	1	2.0	897
899	306	1	1	14.0	
900	306	6	1	19.0	
901	306	2	1	18.0	
902	306	28	1	6.0	
1943	306	10	1	2.5	901
903	307	4	1	18.0	
904	307	2	1	18.0	
905	307	23	1	4.5	
906	307	30	1	5.0	
1944	307	12	1	2.5	904
907	308	8	1	20.5	
908	308	4	1	18.0	
909	308	23	1	4.5	
910	308	25	1	5.0	
1945	308	9	1	3.0	908
1946	308	15	1	2.0	908
911	309	2	2	18.0	
912	309	3	2	20.0	
1947	309	17	1	2.0	912
913	310	2	1	18.0	
914	310	4	2	18.0	
915	310	23	1	4.5	
916	311	4	1	18.0	
917	311	2	1	18.0	
918	311	22	1	4.0	
919	311	30	1	5.0	
920	312	2	1	18.0	
921	312	6	1	19.0	
922	312	26	1	4.5	
1948	312	17	1	2.0	920
923	313	6	2	19.0	
924	313	7	1	19.5	
925	313	27	1	6.0	
1949	313	9	1	3.0	924
1950	313	11	1	2.0	924
926	314	8	1	20.5	
927	314	2	1	18.0	
928	314	5	2	17.0	
929	314	24	1	4.0	
1951	314	20	1	3.5	927
930	315	6	1	19.0	
931	315	1	1	14.0	
932	315	5	1	17.0	
933	315	21	1	3.0	
1952	315	9	1	3.0	931
1953	315	19	1	2.0	931
934	316	6	1	19.0	
935	316	8	1	20.5	
936	317	2	1	18.0	
937	317	7	1	19.5	
1954	317	18	1	2.5	937
1955	317	19	1	2.0	937
938	318	1	1	14.0	
939	318	7	1	19.5	
940	319	1	2	14.0	
941	319	25	1	5.0	
942	320	2	1	18.0	
943	320	1	1	14.0	
944	320	4	1	18.0	
1956	320	15	1	2.0	942
1957	320	13	1	2.5	942
1958	320	19	1	2.0	943
1959	320	10	1	2.5	943
945	321	7	1	19.5	
946	322	2	1	18.0	
1960	322	15	1	2.0	946
1961	322	18	1	2.5	946
947	323	3	1	20.0	
948	323	5	2	17.0	
949	323	28	1	6.0	
1962	323	14	1	3.0	948
1963	323	11	1	2.0	948
950	324	5	1	17.0	
951	324	25	1	5.0	
952	325	4	1	18.0	
953	325	6	1	19.0	
954	325	28	1	6.0	
955	326	4	1	18.0	
956	326	6	1	19.0	
957	326	5	1	17.0	
958	326	22	1	4.0	
959	326	28	1	6.0	
1964	326	20	1	3.5	955
960	327	7	1	19.5	
961	327	6	2	19.0	
962	327	25	1	5.0	
963	327	26	1	4.5	
964	328	3	1	20.0	
965	328	6	1	19.0	
966	328	26	1	4.5	
967	329	4	1	18.0	
968	329	1	1	14.0	
969	329	24	1	4.0	
970	330	3	1	20.0	
971	330	25	1	5.0	
972	331	2	1	18.0	
973	331	8	2	20.5	
974	331	25	1	5.0	
975	331	22	1	4.0	
976	332	1	1	14.0	
977	332	2	1	18.0	
978	333	2	1	18.0	
979	333	22	1	4.0	
1965	333	12	1	2.5	978
980	334	3	1	20.0	
981	334	4	1	18.0	
982	334	26	1	4.5	
983	334	26	1	4.5	
984	334	28	1	6.0	
985	335	2	2	18.0	
986	335	5	2	17.0	
987	335	23	1	4.5	
988	335	28	1	6.0	
989	336	5	1	17.0	
990	336	8	1	20.5	
991	337	7	1	19.5	
992	337	4	2	18.0	
1966	337	19	1	2.0	991
1967	337	9	1	3.0	992
1968	337	20	1	3.5	992
993	338	5	1	17.0	
994	339	4	2	18.0	
995	339	1	1	14.0	
996	339	30	1	5.0	
1969	339	17	1	2.0	994
1970	339	16	1	1.5	994
1971	339	19	1	2.0	995
1972	339	17	1	2.0	995
997	340	4	1	18.0	
998	341	6	2	19.0	
999	341	7	1	19.5	
1000	341	27	1	6.0	
1973	341	15	1	2.0	998
1974	341	14	1	3.0	999
1001	342	1	1	14.0	
1002	342	27	1	6.0	
1003	343	8	1	20.5	
1004	343	2	1	18.0	
1005	343	1	2	14.0	
1006	343	23	1	4.5	
1007	343	30	1	5.0	
1008	344	4	2	18.0	
1009	344	1	1	14.0	
1975	344	15	1	2.0	1008
1976	344	20	1	3.5	1008
1977	344	16	1	1.5	1009
1010	345	7	1	19.5	
1011	345	5	1	17.0	
1012	345	21	1	3.0	
1978	345	9	1	3.0	1011
1013	346	3	1	20.0	
1014	346	6	1	19.0	
1979	346	13	1	2.5	1013
1980	346	12	1	2.5	1014
1981	346	16	1	1.5	1014
1015	347	2	1	18.0	
1016	347	8	1	20.5	
1017	347	24	1	4.0	
1018	347	25	1	5.0	
1982	347	11	1	2.0	1015
1019	348	2	1	18.0	
1020	348	3	1	20.0	
1021	348	7	1	19.5	
1022	348	28	1	6.0	
1983	348	12	1	2.5	1019
1984	348	14	1	3.0	1019
1985	348	9	1	3.0	1020
1986	348	16	1	1.5	1021
1987	348	13	1	2.5	1021
1023	349	3	1	20.0	
1024	349	8	1	20.5	
1025	349	29	1	5.5	
1026	350	4	1	18.0	
1027	350	2	2	18.0	
1028	350	22	1	4.0	
1029	351	6	1	19.0	
1030	352	5	1	17.0	
1031	352	1	1	14.0	
1032	352	21	1	3.0	
1033	352	30	1	5.0	
1988	352	20	1	3.5	1030
1034	353	8	1	20.5	
1035	353	5	1	17.0	
1036	353	6	2	19.0	
1037	353	23	1	4.5	
1038	353	22	1	4.0	
1039	353	27	1	6.0	
1989	353	13	1	2.5	1034
1990	353	13	1	2.5	1036
1040	354	6	1	19.0	
1041	354	28	1	6.0	
1042	355	5	1	17.0	
1043	355	2	1	18.0	
1044	355	30	1	5.0	
1991	355	20	1	3.5	1042
1992	355	19	1	2.0	1043
1993	355	19	1	2.0	1043
1045	356	6	1	19.0	
1046	356	2	2	18.0	
1047	356	26	1	4.5	
1048	356	29	1	5.5	
1994	356	16	1	1.5	1045
1049	357	7	1	19.5	
1050	357	1	2	14.0	
1995	357	18	1	2.5	1049
1996	357	9	1	3.0	1050
1051	358	1	2	14.0	
1052	358	7	1	19.5	
1053	358	25	1	5.0	
1054	359	2	2	18.0	
1997	359	10	1	2.5	1054
1998	359	17	1	2.0	1054
1055	360	7	1	19.5	
1056	360	6	2	19.0	
1057	360	23	1	4.5	
1058	360	29	1	5.5	
1999	360	12	1	2.5	1056
1059	361	3	1	20.0	
1060	361	6	1	19.0	
1061	361	23	1	4.5	
1062	362	8	2	20.5	
1063	362	7	1	19.5	
1064	362	30	1	5.0	
2000	362	14	1	3.0	1063
1065	363	4	1	18.0	
1066	363	8	1	20.5	
1067	364	1	1	14.0	
1068	364	3	1	20.0	
1069	364	5	1	17.0	
1070	364	24	1	4.0	
1071	364	28	1	6.0	
2001	364	9	1	3.0	1067
2002	364	13	1	2.5	1068
1072	365	2	2	18.0	
1073	365	6	1	19.0	
1074	365	5	1	17.0	
1075	365	25	1	5.0	
1076	365	26	1	4.5	
2003	365	11	1	2.0	1073
2004	365	10	1	2.5	1073
2005	365	11	1	2.0	1074
2006	365	11	1	2.0	1074
1077	366	3	1	20.0	
1078	366	25	1	5.0	
2007	366	19	1	2.0	1077
2008	366	16	1	1.5	1077
1079	367	4	1	18.0	
1080	367	8	1	20.5	
1081	367	24	1	4.0	
2009	367	20	1	3.5	1079
1082	368	2	1	18.0	
1083	368	1	2	14.0	
1084	368	3	1	20.0	
1085	368	22	1	4.0	
1086	368	27	1	6.0	
2010	368	10	1	2.5	1083
2011	368	12	1	2.5	1084
2012	368	17	1	2.0	1084
1087	369	5	1	17.0	
1088	369	4	1	18.0	
1089	369	26	1	4.5	
2013	369	20	1	3.5	1087
2014	369	14	1	3.0	1087
1090	370	5	2	17.0	
1091	370	2	1	18.0	
2015	370	12	1	2.5	1091
1092	371	6	1	19.0	
2016	371	14	1	3.0	1092
2017	371	18	1	2.5	1092
1093	372	8	2	20.5	
1094	372	22	1	4.0	
2018	372	17	1	2.0	1093
2019	372	10	1	2.5	1093
1095	373	8	1	20.5	
1096	373	21	1	3.0	
1097	374	6	1	19.0	
1098	374	5	1	17.0	
1099	374	26	1	4.5	
1100	374	21	1	3.0	
1101	375	7	1	19.5	
1102	375	2	2	18.0	
1103	375	5	1	17.0	
1104	375	26	1	4.5	
1105	375	21	1	3.0	
2020	375	16	1	1.5	1101
2021	375	19	1	2.0	1101
1106	376	2	1	18.0	
1107	376	3	1	20.0	
1108	376	24	1	4.0	
1109	376	29	1	5.5	
2022	376	14	1	3.0	1107
1110	377	5	1	17.0	
1111	377	26	1	4.5	
1112	377	24	1	4.0	
2023	377	10	1	2.5	1110
1113	378	5	2	17.0	
1114	378	26	1	4.5	
2024	378	16	1	1.5	1113
2025	378	16	1	1.5	1113
1115	379	3	1	20.0	
1116	379	8	1	20.5	
1117	379	6	1	19.0	
1118	379	30	1	5.0	
2026	379	11	1	2.0	1117
2027	379	16	1	1.5	1117
1119	380	2	2	18.0	
1120	380	22	1	4.0	
1121	381	2	1	18.0	
1122	381	6	1	19.0	
1123	381	24	1	4.0	
1124	381	23	1	4.5	
1125	381	28	1	6.0	
2028	381	17	1	2.0	1122
2029	381	14	1	3.0	1122
1126	382	2	1	18.0	
1127	382	25	1	5.0	
1128	383	8	2	20.5	
1129	383	5	1	17.0	
1130	383	4	1	18.0	
1131	383	22	1	4.0	
2030	383	15	1	2.0	1129
2031	383	19	1	2.0	1129
1132	384	7	2	19.5	
1133	384	1	1	14.0	
1134	384	8	1	20.5	
1135	384	30	1	5.0	
2032	384	18	1	2.5	1134
1136	385	3	1	20.0	
1137	385	4	2	18.0	
1138	385	29	1	5.5	
2033	385	19	1	2.0	1137
2034	385	13	1	2.5	1137
1139	386	2	1	18.0	
1140	386	5	2	17.0	
1141	387	7	1	19.5	
1142	387	26	1	4.5	
1143	387	27	1	6.0	
1144	388	8	1	20.5	
1145	388	7	1	19.5	
1146	388	26	1	4.5	
1147	388	21	1	3.0	
1148	388	30	1	5.0	
1149	389	1	1	14.0	
1150	389	8	1	20.5	
1151	389	3	2	20.0	
1152	389	27	1	6.0	
1153	390	8	1	20.5	
1154	390	2	1	18.0	
2035	390	16	1	1.5	1153
2036	390	20	1	3.5	1153
1155	391	5	1	17.0	
1156	391	2	1	18.0	
1157	391	23	1	4.5	
1158	392	5	1	17.0	
1159	392	24	1	4.0	
2037	392	15	1	2.0	1158
2038	392	9	1	3.0	1158
1160	393	6	1	19.0	
1161	393	2	2	18.0	
1162	393	4	1	18.0	
2039	393	17	1	2.0	1160
2040	393	17	1	2.0	1161
1163	394	8	1	20.5	
1164	394	4	2	18.0	
1165	394	1	1	14.0	
2041	394	18	1	2.5	1164
2042	394	15	1	2.0	1164
2043	394	19	1	2.0	1165
1166	395	1	1	14.0	
1167	395	29	1	5.5	
2044	395	10	1	2.5	1166
2045	395	15	1	2.0	1166
1168	396	2	1	18.0	
1169	396	21	1	3.0	
1170	396	22	1	4.0	
1171	396	29	1	5.5	
1172	397	1	1	14.0	
1173	397	21	1	3.0	
1174	397	30	1	5.0	
1175	398	7	1	19.5	
1176	398	6	1	19.0	
1177	398	24	1	4.0	
1178	398	29	1	5.5	
2046	398	18	1	2.5	1175
1179	399	4	1	18.0	
1180	399	24	1	4.0	
1181	399	22	1	4.0	
2047	399	9	1	3.0	1179
2048	399	12	1	2.5	1179
1182	400	8	1	20.5	
1183	400	23	1	4.5	
1184	400	24	1	4.0	
1185	401	2	1	18.0	
1186	401	8	2	20.5	
1187	401	25	1	5.0	
2049	401	12	1	2.5	1185
1188	402	6	1	19.0	
1189	402	1	1	14.0	
1190	402	22	1	4.0	
1191	402	25	1	5.0	
1192	402	30	1	5.0	
2050	402	19	1	2.0	1188
1193	403	2	1	18.0	
1194	403	5	1	17.0	
1195	403	1	1	14.0	
1196	403	26	1	4.5	
1197	403	23	1	4.5	
2051	403	16	1	1.5	1195
2052	403	12	1	2.5	1195
1198	404	3	1	20.0	
1199	404	27	1	6.0	
2053	404	14	1	3.0	1198
1200	405	6	1	19.0	
1201	405	4	1	18.0	
1202	405	28	1	6.0	
2054	405	18	1	2.5	1201
1203	406	8	1	20.5	
1204	406	1	1	14.0	
1205	406	26	1	4.5	
1206	406	25	1	5.0	
2055	406	17	1	2.0	1203
2056	406	19	1	2.0	1203
1207	407	7	1	19.5	
1208	407	3	1	20.0	
1209	407	2	1	18.0	
1210	407	25	1	5.0	
1211	407	29	1	5.5	
2057	407	19	1	2.0	1207
2058	407	10	1	2.5	1207
1212	408	6	1	19.0	
1213	408	7	1	19.5	
1214	408	27	1	6.0	
1215	409	5	2	17.0	
1216	409	1	1	14.0	
1217	409	4	2	18.0	
2059	409	9	1	3.0	1215
2060	409	19	1	2.0	1216
2061	409	9	1	3.0	1216
2062	409	17	1	2.0	1217
2063	409	19	1	2.0	1217
1218	410	4	1	18.0	
1219	410	7	1	19.5	
1220	410	23	1	4.5	
2064	410	10	1	2.5	1218
2065	410	13	1	2.5	1218
1221	411	3	1	20.0	
1222	411	4	2	18.0	
1223	412	1	2	14.0	
1224	412	7	1	19.5	
1225	412	4	2	18.0	
1226	412	25	1	5.0	
2066	412	12	1	2.5	1223
2067	412	18	1	2.5	1223
2068	412	9	1	3.0	1224
2069	412	15	1	2.0	1224
1227	413	8	1	20.5	
1228	413	6	1	19.0	
2070	413	20	1	3.5	1227
2071	413	11	1	2.0	1228
2072	413	12	1	2.5	1228
1229	414	2	1	18.0	
1230	414	8	1	20.5	
1231	414	24	1	4.0	
1232	414	24	1	4.0	
1233	415	3	2	20.0	
1234	415	6	1	19.0	
1235	415	23	1	4.5	
2073	415	11	1	2.0	1233
1236	416	1	1	14.0	
1237	416	3	2	20.0	
2074	416	9	1	3.0	1237
2075	416	14	1	3.0	1237
1238	417	2	2	18.0	
1239	417	29	1	5.5	
2076	417	16	1	1.5	1238
2077	417	20	1	3.5	1238
1240	418	5	2	17.0	
1241	418	27	1	6.0	
2078	418	18	1	2.5	1240
2079	418	18	1	2.5	1240
1242	419	4	2	18.0	
1243	420	1	1	14.0	
2080	420	15	1	2.0	1243
2081	420	11	1	2.0	1243
1244	421	4	2	18.0	
1245	421	21	1	3.0	
1246	421	23	1	4.5	
2082	421	12	1	2.5	1244
1247	422	8	2	20.5	
1248	422	22	1	4.0	
2083	422	17	1	2.0	1247
2084	422	14	1	3.0	1247
1249	423	8	1	20.5	
1250	423	2	1	18.0	
1251	423	1	1	14.0	
2085	423	13	1	2.5	1249
2086	423	10	1	2.5	1250
2087	423	11	1	2.0	1250
2088	423	17	1	2.0	1251
1252	424	1	2	14.0	
1253	424	21	1	3.0	
1254	424	29	1	5.5	
1255	425	2	1	18.0	
1256	425	4	2	18.0	
1257	425	27	1	6.0	
1258	426	1	1	14.0	
1259	426	8	1	20.5	
1260	427	2	1	18.0	
1261	428	1	2	14.0	
1262	428	7	1	19.5	
1263	428	23	1	4.5	
1264	428	25	1	5.0	
2089	428	16	1	1.5	1262
1265	429	4	1	18.0	
1266	429	8	1	20.5	
1267	429	23	1	4.5	
1268	430	6	1	19.0	
1269	430	4	2	18.0	
1270	430	8	1	20.5	
1271	430	21	1	3.0	
1272	431	5	1	17.0	
1273	431	3	1	20.0	
1274	431	24	1	4.0	
2090	431	9	1	3.0	1272
1275	432	6	1	19.0	
1276	433	5	1	17.0	
1277	433	7	1	19.5	
1278	433	30	1	5.0	
1279	434	2	1	18.0	
1280	434	21	1	3.0	
1281	435	5	2	17.0	
1282	435	7	1	19.5	
1283	436	5	2	17.0	
1284	436	3	2	20.0	
1285	436	4	2	18.0	
2091	436	11	1	2.0	1285
1286	437	1	1	14.0	
1287	437	25	1	5.0	
1288	437	27	1	6.0	
1289	438	7	1	19.5	
1290	438	1	2	14.0	
2092	438	14	1	3.0	1290
2093	438	15	1	2.0	1290
1291	439	1	2	14.0	
2094	439	17	1	2.0	1291
2095	439	20	1	3.5	1291
1292	440	2	1	18.0	
1293	440	1	1	14.0	
1294	441	6	1	19.0	
1295	441	22	1	4.0	
1296	441	23	1	4.5	
1297	441	29	1	5.5	
1298	442	8	1	20.5	
1299	442	5	1	17.0	
1300	443	6	1	19.0	
1301	443	1	2	14.0	
1302	443	7	1	19.5	
1303	443	23	1	4.5	
1304	443	25	1	5.0	
2096	443	16	1	1.5	1302
1305	444	7	2	19.5	
1306	444	4	1	18.0	
1307	444	3	1	20.0	
2097	444	14	1	3.0	1306
2098	444	18	1	2.5	1306
2099	444	10	1	2.5	1307
1308	445	2	2	18.0	
1309	445	22	1	4.0	
2100	445	19	1	2.0	1308
2101	445	19	1	2.0	1308
1310	446	7	1	19.5	
1311	446	3	2	20.0	
2102	446	11	1	2.0	1310
1312	447	8	1	20.5	
1313	447	4	1	18.0	
1314	447	2	2	18.0	
1315	447	25	1	5.0	
1316	447	25	1	5.0	
2103	447	18	1	2.5	1312
2104	447	10	1	2.5	1312
2105	447	9	1	3.0	1314
1317	448	8	1	20.5	
1318	448	26	1	4.5	
1319	448	21	1	3.0	
1320	449	2	1	18.0	
1321	449	6	1	19.0	
1322	449	25	1	5.0	
1323	450	1	1	14.0	
1324	450	22	1	4.0	
1325	451	4	1	18.0	
1326	451	1	1	14.0	
1327	451	25	1	5.0	
1328	452	5	1	17.0	
1329	453	8	1	20.5	
1330	453	3	2	20.0	
1331	454	1	1	14.0	
1332	455	8	1	20.5	
1333	455	6	1	19.0	
1334	455	2	1	18.0	
1335	455	25	1	5.0	
2106	455	19	1	2.0	1334
1336	456	1	1	14.0	
1337	456	5	1	17.0	
1338	456	23	1	4.5	
1339	457	2	1	18.0	
1340	457	5	2	17.0	
1341	457	29	1	5.5	
2107	457	19	1	2.0	1340
1342	458	2	2	18.0	
1343	458	1	1	14.0	
1344	458	25	1	5.0	
1345	459	4	1	18.0	
1346	459	1	1	14.0	
1347	459	3	1	20.0	
1348	459	26	1	4.5	
1349	459	25	1	5.0	
1350	460	4	1	18.0	
1351	460	5	2	17.0	
1352	460	1	1	14.0	
2108	460	16	1	1.5	1350
2109	460	18	1	2.5	1350
2110	460	19	1	2.0	1351
2111	460	12	1	2.5	1352
1353	461	1	1	14.0	
1354	461	30	1	5.0	
2112	461	20	1	3.5	1353
2113	461	14	1	3.0	1353
1355	462	8	1	20.5	
1356	462	5	1	17.0	
1357	462	22	1	4.0	
1358	462	21	1	3.0	
1359	462	27	1	6.0	
1360	463	8	1	20.5	
1361	463	2	1	18.0	
2114	463	13	1	2.5	1361
2115	463	20	1	3.5	1361
1362	464	6	1	19.0	
1363	464	5	1	17.0	
1364	464	21	1	3.0	
2116	464	11	1	2.0	1363
1365	465	6	2	19.0	
1366	465	26	1	4.5	
1367	465	25	1	5.0	
1368	466	5	1	17.0	
1369	467	2	1	18.0	
1370	467	8	1	20.5	
1371	467	5	1	17.0	
1372	467	22	1	4.0	
1373	467	21	1	3.0	
2117	467	12	1	2.5	1371
2118	467	11	1	2.0	1371
1374	468	8	1	20.5	
1375	468	4	1	18.0	
1376	468	23	1	4.5	
2119	468	12	1	2.5	1374
2120	468	20	1	3.5	1375
2121	468	16	1	1.5	1375
1377	469	5	2	17.0	
1378	469	6	1	19.0	
1379	469	25	1	5.0	
2122	469	16	1	1.5	1378
2123	469	19	1	2.0	1378
1380	470	6	2	19.0	
1381	470	5	1	17.0	
1382	471	5	1	17.0	
1383	471	3	1	20.0	
1384	472	6	1	19.0	
1385	472	1	2	14.0	
1386	472	5	2	17.0	
2124	472	11	1	2.0	1384
1387	473	3	1	20.0	
1388	474	3	1	20.0	
1389	474	6	1	19.0	
1390	474	21	1	3.0	
2125	474	13	1	2.5	1388
1391	475	3	2	20.0	
1392	475	6	1	19.0	
2126	475	11	1	2.0	1391
2127	475	16	1	1.5	1392
2128	475	10	1	2.5	1392
1393	476	5	1	17.0	
1394	476	2	1	18.0	
1395	476	23	1	4.5	
1396	476	23	1	4.5	
1397	477	1	1	14.0	
1398	477	26	1	4.5	
1399	478	4	1	18.0	
1400	478	3	1	20.0	
1401	478	24	1	4.0	
2129	478	17	1	2.0	1399
2130	478	16	1	1.5	1400
1402	479	6	1	19.0	
1403	479	3	1	20.0	
2131	479	13	1	2.5	1402
2132	479	11	1	2.0	1402
2133	479	16	1	1.5	1403
1404	480	1	1	14.0	
1405	480	2	1	18.0	
1406	481	3	1	20.0	
1407	481	2	2	18.0	
1408	481	21	1	3.0	
1409	481	26	1	4.5	
1410	481	28	1	6.0	
2134	481	14	1	3.0	1407
1411	482	6	2	19.0	
1412	482	22	1	4.0	
2135	482	16	1	1.5	1411
1413	483	3	1	20.0	
1414	483	4	1	18.0	
1415	483	21	1	3.0	
1416	484	6	1	19.0	
1417	484	21	1	3.0	
1418	484	30	1	5.0	
2136	484	10	1	2.5	1416
2137	484	19	1	2.0	1416
1419	485	1	1	14.0	
1420	485	3	2	20.0	
1421	486	3	1	20.0	
1422	486	5	2	17.0	
1423	487	6	1	19.0	
1424	487	7	1	19.5	
1425	487	26	1	4.5	
2138	487	15	1	2.0	1423
2139	487	11	1	2.0	1424
1426	488	6	1	19.0	
1427	488	3	1	20.0	
1428	488	23	1	4.5	
1429	488	23	1	4.5	
2140	488	11	1	2.0	1427
2141	488	13	1	2.5	1427
1430	489	3	2	20.0	
1431	489	6	1	19.0	
1432	489	26	1	4.5	
2142	489	20	1	3.5	1431
2143	489	18	1	2.5	1431
1433	490	2	1	18.0	
1434	490	3	1	20.0	
1435	490	30	1	5.0	
2144	490	20	1	3.5	1434
2145	490	19	1	2.0	1434
1436	491	6	1	19.0	
1437	491	5	1	17.0	
1438	491	27	1	6.0	
1439	492	3	1	20.0	
1440	492	8	1	20.5	
1441	492	21	1	3.0	
2146	492	12	1	2.5	1440
1442	493	1	1	14.0	
1443	493	3	1	20.0	
1444	493	24	1	4.0	
1445	493	23	1	4.5	
2147	493	11	1	2.0	1442
2148	493	16	1	1.5	1442
1446	494	6	1	19.0	
1447	494	4	1	18.0	
1448	494	29	1	5.5	
2149	494	18	1	2.5	1446
1449	495	2	1	18.0	
1450	495	1	1	14.0	
2150	495	18	1	2.5	1449
1451	496	6	2	19.0	
1452	496	8	1	20.5	
1453	496	24	1	4.0	
1454	496	30	1	5.0	
1455	497	3	1	20.0	
1456	497	22	1	4.0	
1457	497	22	1	4.0	
2151	497	15	1	2.0	1455
2152	497	15	1	2.0	1455
1458	498	8	2	20.5	
1459	498	6	1	19.0	
1460	498	22	1	4.0	
1461	498	28	1	6.0	
2153	498	17	1	2.0	1458
2154	498	17	1	2.0	1458
1462	499	3	1	20.0	
1463	499	4	1	18.0	
1464	499	5	1	17.0	
2155	499	9	1	3.0	1464
1465	500	2	1	18.0	
1466	500	6	2	19.0	
1467	500	5	1	17.0	
1468	500	25	1	5.0	
2156	500	20	1	3.5	1467
2157	500	9	1	3.0	1467
1469	501	7	2	19.5	
1470	501	6	2	19.0	
1471	501	3	2	20.0	
1472	501	23	1	4.5	
1473	501	23	1	4.5	
1474	501	30	1	5.0	
2158	501	12	1	2.5	1469
2159	501	13	1	2.5	1469
1475	502	6	1	19.0	
1476	502	5	1	17.0	
1477	502	3	1	20.0	
2160	502	18	1	2.5	1475
2161	502	11	1	2.0	1477
1478	503	7	1	19.5	
1479	504	8	1	20.5	
1480	504	2	1	18.0	
1481	504	4	1	18.0	
1482	504	24	1	4.0	
1483	504	24	1	4.0	
2162	504	14	1	3.0	1479
2163	504	13	1	2.5	1480
1484	505	4	2	18.0	
1485	505	3	1	20.0	
1486	505	6	1	19.0	
1487	506	4	1	18.0	
1488	506	23	1	4.5	
1489	507	4	1	18.0	
1490	507	2	1	18.0	
1491	507	30	1	5.0	
2164	507	14	1	3.0	1490
1492	508	2	1	18.0	
1493	508	6	2	19.0	
1494	509	5	1	17.0	
1495	509	6	1	19.0	
1496	509	22	1	4.0	
2165	509	19	1	2.0	1495
2166	509	16	1	1.5	1495
1497	510	2	1	18.0	
1498	511	8	1	20.5	
1499	511	1	1	14.0	
1500	511	24	1	4.0	
1501	511	22	1	4.0	
1502	512	5	1	17.0	
1503	512	26	1	4.5	
2167	512	14	1	3.0	1502
2168	512	11	1	2.0	1502
1504	513	8	1	20.5	
1505	513	7	1	19.5	
1506	513	21	1	3.0	
1507	514	5	2	17.0	
2169	514	20	1	3.5	1507
2170	514	16	1	1.5	1507
1508	515	2	2	18.0	
1509	515	26	1	4.5	
1510	515	21	1	3.0	
2171	515	16	1	1.5	1508
2172	515	13	1	2.5	1508
1511	516	8	1	20.5	
1512	516	2	1	18.0	
1513	517	6	1	19.0	
1514	517	3	1	20.0	
1515	517	2	2	18.0	
2173	517	15	1	2.0	1515
2174	517	15	1	2.0	1515
1516	518	8	1	20.5	
1517	518	25	1	5.0	
1518	518	21	1	3.0	
2175	518	20	1	3.5	1516
1519	519	8	1	20.5	
1520	519	6	1	19.0	
1521	519	2	1	18.0	
1522	519	25	1	5.0	
1523	519	24	1	4.0	
1524	519	28	1	6.0	
2176	519	16	1	1.5	1519
2177	519	17	1	2.0	1519
1525	520	6	1	19.0	
1526	520	22	1	4.0	
1527	520	22	1	4.0	
1528	521	6	1	19.0	
1529	521	2	1	18.0	
1530	521	8	1	20.5	
1531	521	21	1	3.0	
2178	521	13	1	2.5	1528
2179	521	12	1	2.5	1528
2180	521	9	1	3.0	1529
2181	521	11	1	2.0	1529
1532	522	2	1	18.0	
1533	522	1	1	14.0	
1534	522	24	1	4.0	
1535	522	26	1	4.5	
1536	523	2	2	18.0	
1537	523	4	1	18.0	
2182	523	15	1	2.0	1536
2183	523	10	1	2.5	1536
1538	524	5	1	17.0	
1539	524	6	2	19.0	
2184	524	12	1	2.5	1538
2185	524	11	1	2.0	1539
1540	525	3	1	20.0	
1541	525	2	1	18.0	
1542	525	5	2	17.0	
1543	525	29	1	5.5	
2186	525	11	1	2.0	1541
2187	525	19	1	2.0	1542
2188	525	14	1	3.0	1542
1544	526	3	2	20.0	
1545	526	2	1	18.0	
2189	526	10	1	2.5	1544
2190	526	16	1	1.5	1545
2191	526	15	1	2.0	1545
1546	527	2	1	18.0	
1547	527	4	1	18.0	
1548	527	21	1	3.0	
1549	527	26	1	4.5	
2192	527	11	1	2.0	1547
1550	528	8	1	20.5	
1551	528	6	1	19.0	
1552	528	25	1	5.0	
2193	528	14	1	3.0	1551
1553	529	3	1	20.0	
1554	529	6	1	19.0	
1555	529	1	1	14.0	
2194	529	14	1	3.0	1553
2195	529	9	1	3.0	1553
1556	530	6	1	19.0	
1557	530	24	1	4.0	
1558	531	1	2	14.0	
1559	531	5	1	17.0	
1560	531	21	1	3.0	
2196	531	10	1	2.5	1558
2197	531	10	1	2.5	1558
2198	531	13	1	2.5	1559
2199	531	16	1	1.5	1559
1561	532	4	2	18.0	
1562	532	7	1	19.5	
1563	532	25	1	5.0	
1564	532	29	1	5.5	
1565	533	3	1	20.0	
1566	533	5	1	17.0	
2200	533	13	1	2.5	1566
2201	533	15	1	2.0	1566
1567	534	2	1	18.0	
1568	534	1	1	14.0	
1569	534	21	1	3.0	
1570	534	29	1	5.5	
2202	534	11	1	2.0	1567
2203	534	12	1	2.5	1567
2204	534	15	1	2.0	1568
2205	534	18	1	2.5	1568
1571	535	5	1	17.0	
1572	535	7	1	19.5	
1573	536	6	1	19.0	
1574	536	23	1	4.5	
1575	536	30	1	5.0	
1576	537	2	1	18.0	
1577	537	1	1	14.0	
1578	537	23	1	4.5	
2206	537	20	1	3.5	1577
2207	537	15	1	2.0	1577
1579	538	8	1	20.5	
1580	538	2	1	18.0	
1581	538	5	1	17.0	
1582	538	26	1	4.5	
2208	538	17	1	2.0	1580
2209	538	18	1	2.5	1580
2210	538	9	1	3.0	1581
2211	538	18	1	2.5	1581
1583	539	6	1	19.0	
1584	539	8	1	20.5	
1585	540	1	1	14.0	
1586	540	6	1	19.0	
1587	540	23	1	4.5	
1588	541	6	1	19.0	
1589	541	8	1	20.5	
1590	541	27	1	6.0	
2212	541	16	1	1.5	1588
2213	541	14	1	3.0	1589
1591	542	8	1	20.5	
1592	542	3	1	20.0	
1593	542	23	1	4.5	
1594	542	25	1	5.0	
2214	542	14	1	3.0	1592
1595	543	5	2	17.0	
1596	543	29	1	5.5	
2215	543	15	1	2.0	1595
2216	543	11	1	2.0	1595
1597	544	5	1	17.0	
1598	544	1	1	14.0	
1599	544	27	1	6.0	
2217	544	16	1	1.5	1598
1600	545	7	1	19.5	
1601	545	6	1	19.0	
1602	545	5	1	17.0	
1603	545	22	1	4.0	
1604	546	3	2	20.0	
1605	547	4	1	18.0	
1606	547	24	1	4.0	
1607	548	6	1	19.0	
1608	548	1	1	14.0	
2218	548	20	1	3.5	1607
2219	548	9	1	3.0	1607
1609	549	7	1	19.5	
1610	549	2	1	18.0	
1611	549	5	2	17.0	
1612	549	21	1	3.0	
1613	550	3	2	20.0	
